exp_1,exp_2,R1_re,R1_im,R2_re,R2_im
1,0,0.0,0.5374120526400513,0.0,0.0
0,1,0.0,0.0,-0.0,-0.5374120526400513
2,1,-8.321010769782508e-19,2.4475346813030787e-5,0.0,0.0
1,2,0.0,-0.0,-8.321010769782508e-19,-2.4475346813030787e-5
3,2,-3.809072271098652e-23,-1.7709669137944084e-9,0.0,0.0
2,3,0.0,-0.0,-3.809072271098652e-23,1.7709669137944084e-9
4,3,3.0794254650504797e-25,2.0570636993164024e-13,0.0,0.0
3,4,0.0,-0.0,3.0794254650504797e-25,-2.0570636993164024e-13
5,4,-6.512183611114706e-29,-2.853543814245364e-17,0.0,0.0
4,5,0.0,-0.0,-6.512183611114706e-29,2.853543814245364e-17
